Customer_ID,Age,Gender,Location,Income,Total_Spending,Frequency_of_Purchases,Loyalty_Program,Customer_Service_Interactions,Time_Since_Last_Purchase,Product_Preferences,Discount_Usage,Churn
1,56,Male,Urban,48138,353.9390933961901,32,1,7,195,Electronics,Low,0
2,69,Male,Suburban,112601,70.1841056106059,27,0,2,350,Electronics,Medium,1
3,46,Male,Urban,49956,252.7686585424103,30,1,7,43,Home Goods,Medium,0
4,32,Female,Suburban,127268,468.2420125129013,43,1,2,185,Clothing,High,0
5,60,Male,Urban,124797,124.34177270203257,2,1,9,342,Clothing,Medium,0
6,25,Male,Rural,144917,225.44255882369484,49,1,6,245,Clothing,Low,0
7,38,Male,Suburban,146303,378.4371389818153,9,1,1,83,Electronics,Medium,0
8,56,Female,Rural,96295,447.0163502426814,28,0,3,206,Clothing,Medium,1
9,36,Female,Suburban,25439,351.9243521341285,31,0,5,150,Home Goods,Medium,0
10,40,Male,Rural,67241,166.17796438602613,34,1,8,155,Electronics,High,1
11,28,Male,Urban,62533,353.5735338122973,15,0,4,15,Electronics,Medium,0
12,28,Male,Urban,48270,183.5274384968405,48,1,8,164,Electronics,Medium,0
13,41,Male,Urban,98815,373.29315341843085,25,0,4,144,Electronics,High,1
14,53,Female,Suburban,59279,479.31490741326826,36,1,9,36,Home Goods,High,0
15,57,Female,Rural,129787,374.6270529978297,8,1,7,332,Clothing,High,0
16,41,Female,Urban,43888,438.29622631058555,9,1,0,44,Home Goods,High,0
17,20,Female,Rural,37630,50.94672942914754,37,0,6,205,Clothing,Low,0
18,39,Male,Rural,81063,372.90745612921745,48,0,3,61,Home Goods,Low,1
19,19,Male,Urban,138527,423.31440058936266,45,1,4,355,Electronics,Medium,0
20,41,Male,Urban,143239,68.25143189510663,39,1,5,307,Electronics,Low,0
21,61,Female,Rural,147896,442.2189772797038,32,0,4,18,Home Goods,Medium,1
22,47,Male,Urban,55144,165.5124027395206,17,0,0,364,Home Goods,Low,1
23,55,Female,Urban,72161,349.38144589012484,35,0,8,299,Clothing,High,0
24,19,Female,Urban,116718,410.159695560533,37,0,1,6,Home Goods,High,0
25,38,Male,Suburban,145873,348.19903087670997,19,0,8,248,Home Goods,Low,1
26,50,Male,Rural,111074,91.52815643296576,44,1,9,116,Clothing,Low,0
27,29,Male,Rural,97360,318.34468348716575,29,0,1,67,Clothing,Medium,1
28,39,Female,Suburban,70979,297.31264552496464,7,1,8,33,Clothing,Medium,0
29,61,Male,Rural,117661,455.1445706334222,28,1,5,193,Home Goods,Medium,1
30,42,Female,Urban,26979,231.90787833989413,9,0,8,324,Clothing,High,1
31,66,Male,Rural,46189,194.48649368917256,28,0,5,54,Electronics,High,1
32,44,Female,Urban,62600,387.4328439964098,6,1,5,265,Electronics,High,0
33,59,Female,Suburban,79560,235.70389673752848,29,0,1,41,Electronics,High,0
34,45,Male,Urban,98040,340.74327875227834,17,1,7,296,Home Goods,Medium,0
35,33,Female,Rural,143257,340.9025405560731,16,0,2,230,Electronics,High,0
36,32,Female,Rural,81558,449.617578962053,23,0,6,9,Home Goods,High,1
37,64,Male,Rural,106205,319.4115810435938,31,0,4,357,Home Goods,High,1
38,68,Female,Suburban,26910,275.96912448289413,3,1,2,127,Electronics,High,1
39,61,Male,Suburban,77713,112.49209687843265,21,0,0,178,Clothing,Low,0
40,69,Female,Rural,66857,102.08192300541742,26,1,7,192,Home Goods,Medium,0
41,20,Male,Urban,54964,119.44470437738572,36,0,2,91,Electronics,Medium,0
42,54,Male,Suburban,105667,127.33181659719253,42,1,1,230,Home Goods,High,1
43,68,Female,Rural,45227,337.04469169863523,37,0,0,77,Clothing,Low,0
44,24,Female,Rural,25978,383.44156262356034,22,1,3,84,Clothing,Medium,0
45,38,Female,Suburban,107527,288.4961853168884,42,1,7,29,Electronics,Medium,1
46,26,Female,Suburban,37153,423.057979645471,12,1,2,212,Home Goods,High,1
47,56,Female,Suburban,79765,496.06845203013495,42,1,0,48,Home Goods,High,0
48,35,Male,Urban,119084,419.0056831037102,13,1,3,264,Home Goods,Medium,1
49,21,Female,Urban,128212,362.69706815418164,11,1,8,144,Home Goods,Medium,0
50,42,Male,Rural,59071,289.62171474671595,16,0,0,68,Electronics,Low,1
51,31,Male,Suburban,132990,251.9838822536187,8,1,1,57,Clothing,Medium,1
52,67,Female,Urban,89519,87.97657124504406,40,1,8,184,Electronics,Medium,1
53,26,Male,Suburban,29503,229.71593677761092,40,1,1,61,Home Goods,High,0
54,43,Male,Rural,80703,459.5605865519604,45,0,2,307,Home Goods,Medium,0
55,19,Male,Urban,84379,413.61018345794884,2,0,6,295,Clothing,High,0
56,37,Male,Urban,115457,147.22311425525925,30,0,2,165,Home Goods,Medium,1
57,45,Female,Urban,77866,259.97350311374714,30,1,8,170,Electronics,Medium,1
58,64,Male,Rural,36905,417.52544115134503,12,0,5,62,Electronics,Medium,1
59,24,Female,Suburban,65838,80.32304965348513,10,0,2,146,Clothing,Low,1
60,61,Female,Urban,145200,224.32666355089668,44,1,8,305,Electronics,High,0
61,25,Male,Rural,78279,433.32855659327646,11,1,0,160,Electronics,Low,0
62,64,Female,Suburban,109489,231.75403887655568,15,0,9,140,Electronics,Medium,0
63,52,Female,Rural,46806,84.9265901291484,16,1,2,333,Electronics,Low,1
64,31,Female,Suburban,65000,294.1404658395131,17,1,0,96,Home Goods,High,1
65,34,Male,Rural,42168,437.78412271323293,26,1,1,220,Electronics,Medium,0
66,53,Female,Suburban,90119,315.6284943289219,2,1,7,42,Clothing,Low,1
67,67,Female,Urban,58714,151.8255986964043,12,0,6,291,Clothing,Low,0
68,57,Female,Suburban,74093,222.9078290618216,26,1,1,107,Electronics,High,1
69,21,Male,Rural,75419,252.55551253186948,23,0,1,265,Clothing,Low,1
70,19,Female,Rural,69145,310.6698592192371,18,0,8,94,Electronics,High,0
71,23,Male,Suburban,125432,391.70796158867586,32,0,5,261,Clothing,Medium,0
72,59,Male,Urban,97425,94.49312793828594,49,0,4,312,Clothing,Medium,1
73,21,Male,Urban,112949,450.34341485790486,38,1,9,70,Electronics,Low,0
74,46,Male,Suburban,97811,55.539366357234016,47,1,5,218,Electronics,Medium,0
75,35,Male,Suburban,22461,216.52355060341486,3,1,8,20,Home Goods,Medium,1
76,43,Male,Rural,34291,62.339139487695945,38,0,6,91,Electronics,Low,1
77,61,Female,Urban,66804,226.83840140538106,3,0,9,126,Electronics,Medium,1
78,51,Male,Suburban,96971,286.6156694929957,30,0,9,79,Home Goods,Low,0
79,27,Female,Urban,113471,280.25662396168025,1,1,8,311,Electronics,High,1
80,53,Female,Suburban,84946,124.53275616271941,30,0,3,237,Electronics,High,1
81,31,Male,Suburban,118989,340.58322954302554,45,1,1,181,Home Goods,High,1
82,48,Female,Urban,104080,70.1503027271007,32,1,7,24,Electronics,Low,1
83,65,Female,Suburban,141719,392.8580690595869,28,1,3,155,Electronics,Low,1
84,32,Female,Suburban,81332,475.9899952970958,21,1,8,4,Home Goods,Medium,0
85,25,Female,Rural,97794,202.89597221800304,46,0,3,119,Home Goods,Medium,1
86,31,Male,Suburban,50841,282.7577217714494,13,1,7,276,Clothing,Medium,1
87,40,Female,Suburban,144447,220.50962512646646,27,0,8,17,Electronics,Medium,0
88,57,Male,Suburban,140029,53.01967563682698,36,1,8,197,Clothing,Medium,1
89,38,Female,Rural,68758,223.64352630280217,7,0,9,56,Clothing,Low,1
90,33,Female,Urban,134726,406.27411666760594,22,0,3,92,Home Goods,Low,0
91,62,Male,Rural,96272,318.1949789825668,10,1,0,18,Electronics,High,1
92,35,Female,Rural,57643,95.56696157682151,39,1,2,352,Electronics,High,0
93,64,Female,Urban,70408,431.2127703622033,15,1,8,192,Home Goods,High,1
94,41,Female,Rural,63950,288.98840519835926,15,0,3,236,Clothing,High,0
95,43,Male,Urban,76849,428.77551278510424,4,1,4,276,Home Goods,Low,0
96,42,Female,Rural,120500,311.0996834532632,32,1,6,226,Electronics,Low,1
97,62,Male,Urban,48044,301.85980017707294,23,0,4,232,Home Goods,Low,0
98,58,Female,Suburban,125469,97.36663333865557,6,1,3,39,Electronics,Medium,0
99,46,Male,Rural,145588,125.31187991238258,24,0,1,322,Clothing,Medium,1
100,32,Male,Rural,35997,487.411365423466,20,1,1,152,Electronics,High,1
101,62,Female,Rural,99751,152.81903603964685,37,0,3,126,Clothing,Medium,0
102,18,Female,Rural,118605,489.85345309566554,20,0,9,236,Clothing,Low,1
103,42,Male,Suburban,43911,289.3607179359185,12,1,9,54,Electronics,High,0
104,24,Male,Rural,75533,111.10507117877171,33,0,8,171,Electronics,High,0
105,26,Female,Suburban,102566,94.68599123916184,28,1,7,108,Clothing,Medium,1
106,41,Male,Suburban,114870,143.988831817583,8,1,2,353,Home Goods,High,1
107,18,Female,Suburban,34571,466.5367985114011,1,0,8,183,Electronics,Medium,0
108,61,Female,Suburban,128255,236.36760094770204,37,1,4,197,Clothing,Medium,1
109,25,Female,Urban,149226,227.94542059681146,22,0,2,86,Clothing,High,1
110,41,Female,Urban,114463,190.94281748157832,6,0,4,200,Home Goods,Medium,0
111,28,Male,Rural,77941,116.17783275496477,21,0,9,336,Electronics,Medium,0
112,68,Female,Urban,78005,269.5330387365829,32,0,3,321,Clothing,Medium,0
113,34,Male,Urban,106250,108.52150213001241,35,0,7,274,Home Goods,Medium,0
114,25,Female,Rural,78712,425.9661063720474,15,0,4,210,Clothing,High,0
115,52,Male,Rural,63541,216.6786438238879,5,0,9,117,Electronics,Low,0
116,52,Female,Rural,43387,218.66160550180837,46,0,7,190,Home Goods,Low,1
117,50,Male,Urban,113980,263.3028928174201,48,1,8,41,Clothing,Medium,0
118,22,Male,Urban,68908,249.85747092458823,6,1,3,41,Home Goods,Medium,1
119,59,Female,Rural,105457,497.68608787669467,25,0,6,314,Electronics,Medium,1
120,56,Female,Suburban,33057,295.42150454823616,46,1,1,275,Home Goods,Low,0
121,58,Female,Rural,84028,89.6907667054418,40,1,5,328,Electronics,Medium,1
122,45,Female,Suburban,130804,323.0948037096185,29,1,7,16,Clothing,High,0
123,24,Male,Suburban,139246,118.21293179144598,7,1,6,282,Electronics,High,1
124,26,Female,Rural,75731,63.92194012910389,40,1,6,257,Clothing,High,0
125,25,Male,Rural,44858,486.8339691547617,13,1,7,62,Clothing,Low,0
126,29,Male,Rural,68689,398.0925011905538,38,0,6,61,Electronics,Medium,0
127,51,Female,Urban,64638,491.0490465861951,18,1,4,99,Clothing,Medium,0
128,50,Male,Suburban,111598,265.0453016100091,2,1,6,18,Home Goods,Medium,1
129,65,Male,Urban,122386,289.5158890170393,8,1,9,16,Clothing,Low,1
130,40,Male,Urban,66486,125.7516301636086,11,1,2,324,Electronics,Low,1
131,41,Male,Rural,40567,161.10834200041353,33,0,4,245,Home Goods,Low,1
132,54,Female,Urban,49739,427.34714670627267,38,0,6,250,Home Goods,Low,1
133,52,Female,Rural,77804,210.28354120291738,48,0,8,80,Clothing,High,0
134,61,Female,Suburban,128821,422.06673820838853,27,0,1,38,Clothing,Low,0
135,57,Female,Rural,23754,369.0561759291643,20,1,3,35,Electronics,Low,0
136,39,Male,Urban,47044,129.72691637233947,12,0,6,196,Home Goods,Low,0
137,44,Male,Urban,87260,278.35086475388397,43,0,0,157,Electronics,Medium,0
138,52,Female,Rural,86912,354.8242946834226,31,0,1,203,Clothing,Medium,1
139,18,Female,Rural,145623,155.7667466617213,27,0,8,195,Home Goods,Medium,0
140,52,Female,Urban,28706,423.80982973403457,32,1,9,215,Electronics,High,0
141,54,Male,Suburban,28894,295.172445895334,10,0,6,284,Electronics,High,1
142,64,Female,Suburban,38037,124.35892269917144,3,1,9,195,Electronics,Low,1
143,31,Female,Rural,103986,312.3429917740711,45,0,6,306,Electronics,Medium,0
144,20,Female,Suburban,101942,499.87121187016135,27,1,5,151,Electronics,High,0
145,18,Male,Urban,71612,117.7346712485361,35,1,2,13,Home Goods,Medium,1
146,22,Male,Rural,49725,417.5406185537876,31,0,9,324,Electronics,High,0
147,43,Male,Urban,25926,143.28905143440107,15,0,2,145,Home Goods,High,0
148,31,Male,Urban,124555,402.0747482570393,16,0,1,56,Electronics,Low,0
149,56,Male,Suburban,29496,380.56006540463596,13,0,5,210,Clothing,Low,1
150,44,Male,Rural,76447,185.22022352019457,49,1,3,267,Clothing,High,0
151,26,Male,Rural,121604,196.62040290400242,35,1,4,209,Electronics,Low,0
152,32,Male,Suburban,49806,406.6346263833136,11,0,2,16,Clothing,High,1
153,32,Female,Urban,108199,257.65048034929066,21,0,5,285,Home Goods,High,1
154,43,Female,Urban,61321,378.86811292031393,11,1,2,343,Electronics,Medium,1
155,59,Male,Urban,142041,116.59286631462564,30,0,7,202,Home Goods,Low,0
156,30,Male,Urban,122031,433.65100185569906,48,1,8,98,Electronics,Low,1
157,68,Female,Rural,85095,369.8981225070436,35,0,3,278,Clothing,Low,0
158,49,Male,Rural,42656,458.12426397567526,22,1,8,208,Home Goods,Medium,1
159,56,Male,Suburban,75147,109.56757056573761,38,1,6,128,Clothing,Medium,0
160,66,Male,Suburban,111396,316.85652516226895,31,1,2,334,Clothing,Medium,1
161,69,Female,Rural,69666,319.6042632681463,14,1,6,287,Electronics,Low,0
162,49,Female,Rural,102368,209.0573332460521,24,1,0,251,Home Goods,Low,0
163,21,Female,Urban,58787,256.309891056166,49,0,2,264,Clothing,Low,1
164,47,Female,Urban,133767,67.09170348043406,32,1,5,270,Electronics,Medium,1
165,54,Female,Suburban,82946,385.6370173821554,36,0,3,187,Electronics,Medium,0
166,40,Male,Rural,41727,297.1951157314283,32,1,6,213,Electronics,High,1
167,56,Female,Suburban,128351,75.9834733411282,15,1,2,282,Clothing,Medium,0
168,62,Male,Rural,115081,356.3401518322185,43,0,0,210,Electronics,High,1
169,32,Male,Urban,142721,260.05193475403456,35,0,8,364,Home Goods,Low,1
170,60,Female,Suburban,130058,65.50756674125,3,0,5,75,Home Goods,Medium,0
171,46,Female,Suburban,88056,486.3234770816429,16,0,7,147,Clothing,Low,1
172,53,Male,Rural,23081,477.1004643902482,5,1,2,320,Home Goods,Low,1
173,30,Male,Urban,54196,280.80608726623893,21,0,7,212,Electronics,Low,0
174,49,Male,Suburban,56735,92.15258931765959,10,1,1,108,Clothing,Low,0
175,24,Female,Urban,124749,389.5795497193663,19,0,3,128,Electronics,Medium,1
176,68,Female,Suburban,100102,271.3689950475781,25,0,2,9,Clothing,Low,0
177,39,Female,Urban,99578,186.10136523022095,4,1,9,46,Clothing,High,1
178,45,Female,Rural,45498,271.1381798878506,29,1,0,314,Electronics,Medium,1
179,19,Female,Suburban,96865,285.099865432459,19,0,6,95,Home Goods,Low,0
180,59,Male,Suburban,51656,303.22026456005267,43,1,9,102,Home Goods,Medium,0
181,62,Female,Urban,87695,248.55067114489694,2,1,1,341,Clothing,High,0
182,23,Male,Urban,57900,322.5898864125755,10,1,3,145,Electronics,Low,0
183,45,Male,Suburban,148392,463.4306197728698,43,1,8,26,Electronics,High,0
184,45,Male,Rural,137235,213.02063919436603,25,1,5,219,Clothing,Low,0
185,61,Female,Urban,104899,376.5724084489771,20,1,7,17,Home Goods,High,1
186,61,Female,Urban,67701,452.5036505709045,48,1,1,166,Electronics,Low,1
187,37,Female,Urban,128777,255.1906740919716,19,1,6,81,Home Goods,Medium,0
188,47,Male,Suburban,39033,249.55512637185686,23,0,5,71,Home Goods,Low,1
189,28,Male,Suburban,143193,320.95264340965076,24,1,8,309,Clothing,Medium,1
190,45,Male,Suburban,30805,316.13304174011967,11,0,6,253,Clothing,Low,1
191,42,Male,Suburban,55851,412.9652040468246,46,1,0,161,Home Goods,Low,1
192,56,Male,Rural,46832,264.4175227002317,34,1,7,326,Electronics,High,0
193,50,Male,Rural,83437,498.2553273377485,28,1,9,37,Electronics,High,1
194,18,Female,Suburban,135725,76.76220599027636,5,1,2,200,Clothing,High,1
195,44,Female,Rural,33944,51.42553186131578,5,0,1,199,Home Goods,Low,0
196,69,Female,Urban,39873,338.0892402018307,21,0,2,254,Electronics,Low,0
197,30,Female,Urban,60372,184.2957105628445,12,1,5,178,Electronics,Low,0
198,58,Male,Urban,109464,158.17207491476773,4,0,2,34,Clothing,Medium,0
199,20,Male,Suburban,35379,190.3545860019262,49,1,9,81,Home Goods,Medium,1
200,56,Female,Urban,137322,165.22140429722944,42,1,4,219,Electronics,Low,0
201,23,Male,Rural,56751,63.85552234720153,20,0,5,157,Clothing,High,1
202,25,Female,Suburban,120082,487.18986907576493,38,0,7,3,Electronics,High,1
203,44,Female,Rural,109822,149.33546980375178,25,1,6,166,Electronics,High,0
204,26,Female,Urban,25110,380.31339316518785,14,1,7,203,Electronics,Low,0
205,54,Male,Urban,74341,393.1683776123789,11,0,2,193,Clothing,High,0
206,50,Female,Urban,32087,468.1658291032532,32,1,3,234,Home Goods,Low,0
207,68,Female,Suburban,43762,63.747255692020985,11,0,5,205,Clothing,Medium,0
208,59,Female,Rural,135812,442.42175230115345,18,1,6,149,Home Goods,High,0
209,61,Male,Suburban,102617,287.2517813779101,27,1,8,158,Electronics,Medium,1
210,41,Male,Suburban,120483,334.64484948462257,18,0,0,278,Home Goods,High,1
211,32,Female,Urban,29596,340.01162470446513,23,0,7,303,Electronics,Low,1
212,49,Male,Suburban,123555,418.9090122431274,11,0,7,165,Electronics,Low,1
213,49,Male,Suburban,127539,200.03329497159973,21,1,5,310,Clothing,Low,0
214,41,Male,Urban,38313,379.87303543699704,44,1,3,67,Electronics,Low,0
215,58,Male,Suburban,133175,287.8601493749887,5,1,2,87,Clothing,High,1
216,69,Male,Urban,86549,407.0273064374065,23,1,2,216,Home Goods,Medium,1
217,66,Male,Urban,134914,495.74571474656005,41,0,5,0,Home Goods,Low,1
218,66,Male,Urban,43705,140.29295783169255,25,1,7,134,Electronics,High,0
219,69,Male,Urban,87364,497.59188870199904,41,1,6,184,Clothing,Medium,0
220,29,Male,Suburban,93445,90.4154694272483,10,1,0,350,Electronics,Low,0
221,56,Male,Urban,123892,51.04289655716624,22,0,5,139,Clothing,Medium,1
222,19,Female,Urban,98645,69.87287128002407,19,1,6,105,Clothing,Low,1
223,20,Female,Suburban,22023,203.80208213154276,1,1,6,132,Clothing,Medium,0
224,66,Male,Suburban,139654,334.80784880529535,7,0,8,107,Home Goods,Medium,0
225,54,Female,Rural,79796,81.06329339953234,4,1,9,177,Clothing,Low,1
226,66,Female,Suburban,100073,52.54961653830527,1,1,4,297,Home Goods,High,1
227,34,Male,Suburban,112197,471.69096280645766,15,0,0,357,Clothing,Medium,0
228,66,Male,Rural,84429,419.8669861729683,40,1,1,358,Home Goods,Low,1
229,19,Male,Suburban,124195,414.132427012564,12,1,3,145,Home Goods,Medium,0
230,19,Female,Suburban,81627,447.9909239758897,22,1,4,73,Home Goods,Medium,0
231,45,Female,Suburban,53848,365.01542274744696,22,0,8,107,Electronics,High,1
232,40,Male,Suburban,57804,96.98185838663665,47,1,0,121,Clothing,Medium,1
233,54,Male,Rural,35379,229.59508463317536,17,1,2,16,Electronics,Medium,1
234,49,Male,Suburban,79664,375.4172689090833,29,0,4,195,Clothing,Low,0
235,50,Female,Suburban,47766,176.1505073561844,46,0,2,326,Clothing,Low,1
236,18,Female,Rural,129126,359.3328638613069,14,1,3,317,Electronics,High,1
237,36,Female,Urban,88099,61.02430172044356,20,1,2,296,Home Goods,Medium,0
238,19,Female,Rural,56060,187.76180339581694,48,1,3,251,Clothing,Medium,0
239,61,Male,Urban,114733,297.1086513247277,33,1,0,118,Home Goods,Medium,1
240,43,Male,Rural,89122,334.44042327780903,43,0,7,161,Electronics,High,0
241,49,Male,Rural,36087,309.66829900785984,15,1,3,197,Home Goods,Medium,0
242,23,Male,Suburban,68868,363.9903242330433,12,0,6,44,Clothing,Low,0
243,49,Female,Urban,139119,52.73993670792758,40,0,1,313,Clothing,High,1
244,21,Female,Suburban,43225,95.42353998988467,20,1,1,178,Clothing,Low,1
245,28,Male,Urban,115286,441.02491352561526,30,1,5,43,Electronics,Low,0
246,34,Male,Rural,26643,356.78688984057254,38,0,1,270,Clothing,High,0
247,55,Female,Rural,113059,100.81923920870508,3,0,5,77,Electronics,Low,0
248,41,Male,Urban,56727,428.93349682936065,28,1,1,325,Home Goods,Medium,1
249,22,Female,Suburban,31005,159.0040480210551,26,0,3,177,Clothing,High,0
250,69,Male,Suburban,129079,265.21694788785055,30,1,6,356,Clothing,Low,0
251,51,Male,Suburban,85697,115.33843079809714,13,1,7,2,Clothing,Medium,1
252,23,Male,Suburban,36029,369.549525389768,13,0,2,213,Home Goods,Medium,0
253,39,Male,Rural,135281,350.08448945642056,2,0,8,341,Clothing,Low,1
254,28,Male,Rural,34226,145.00061202476127,37,1,1,73,Electronics,Medium,1
255,65,Male,Rural,83646,438.5303450856508,49,0,7,50,Home Goods,High,1
256,33,Male,Rural,80603,230.58771089887048,38,1,7,66,Home Goods,Low,0
257,50,Female,Rural,48731,181.6317909818338,2,1,3,331,Home Goods,Medium,0
258,26,Female,Suburban,129458,118.54831525904095,36,1,0,92,Home Goods,Medium,1
259,23,Female,Suburban,130384,169.77560563199185,26,0,0,175,Home Goods,Low,0
260,33,Female,Suburban,88926,59.91211455071765,11,1,1,144,Electronics,Low,1
261,46,Female,Suburban,25997,312.465871605252,8,1,8,6,Home Goods,Low,0
262,20,Male,Rural,75506,429.0038358547766,44,1,1,268,Clothing,Low,1
263,37,Male,Rural,98229,297.04120224873884,40,1,1,321,Home Goods,High,1
264,53,Female,Rural,69815,148.67328286574406,43,1,5,3,Home Goods,Low,0
265,36,Male,Urban,62092,65.15113019624272,22,1,6,137,Home Goods,High,0
266,43,Female,Suburban,82539,146.5826329664613,20,1,6,230,Home Goods,High,0
267,20,Female,Suburban,86077,237.25464263199154,8,1,8,87,Home Goods,Low,0
268,36,Male,Rural,41817,391.82514291490844,29,1,5,16,Electronics,High,1
269,37,Male,Suburban,57861,134.52928364199835,40,1,7,51,Electronics,Low,1
270,49,Male,Suburban,33428,373.9061540096087,26,1,5,133,Home Goods,Low,0
271,24,Female,Rural,63934,440.1200607583477,30,0,1,210,Electronics,Medium,0
272,69,Male,Urban,135555,254.27608164876068,17,1,0,324,Clothing,Low,1
273,58,Female,Urban,134367,419.64439623916695,20,1,4,218,Home Goods,Medium,0
274,50,Female,Urban,30258,299.595806615793,16,1,8,204,Clothing,High,0
275,57,Female,Rural,77775,336.69087668640725,46,0,7,210,Clothing,Medium,0
276,56,Male,Suburban,101580,286.8253071521912,43,1,3,276,Home Goods,High,0
277,35,Male,Rural,114947,258.4277225381038,7,0,4,23,Clothing,Low,1
278,57,Female,Rural,25469,155.59404879913222,16,1,4,3,Clothing,High,1
279,18,Male,Suburban,48854,186.43732675747071,45,1,5,151,Clothing,High,0
280,28,Male,Urban,26256,180.48655352462407,47,0,2,258,Home Goods,Low,1
281,45,Male,Urban,144086,303.4800189292166,48,1,4,323,Home Goods,High,0
282,42,Female,Rural,96256,103.97916186075047,27,0,1,356,Clothing,Low,0
283,67,Female,Urban,53937,462.5562608160508,23,0,9,167,Home Goods,Medium,0
284,40,Male,Rural,119134,374.29481537740094,24,1,0,175,Home Goods,Low,1
285,48,Female,Rural,21651,230.65053391093713,9,1,0,309,Clothing,Low,1
286,47,Male,Suburban,70288,121.38086503687008,35,1,9,290,Home Goods,High,1
287,59,Male,Suburban,104730,446.89647637473615,20,1,6,55,Electronics,Medium,1
288,52,Male,Suburban,45051,420.70014054552433,37,0,1,107,Home Goods,Low,1
289,24,Male,Rural,47386,374.7746987227307,42,0,3,295,Electronics,Medium,0
290,33,Female,Suburban,95054,172.19617133505906,17,1,4,323,Clothing,Medium,0
291,43,Female,Urban,131562,231.10098684515103,47,0,6,301,Home Goods,High,1
292,65,Female,Urban,36184,96.23671360359052,31,0,1,333,Clothing,Low,1
293,69,Male,Rural,53787,135.06778612738927,8,1,5,140,Clothing,High,1
294,66,Male,Rural,41621,402.3574867925298,15,0,0,154,Clothing,Low,0
295,19,Male,Suburban,95564,371.7674234828077,31,0,6,261,Clothing,Medium,1
296,18,Female,Rural,97984,317.0685933391706,30,1,8,272,Clothing,Low,0
297,65,Male,Rural,79792,453.0770266667778,46,0,4,231,Home Goods,Low,0
298,29,Female,Urban,65253,312.4699330158704,20,1,4,240,Electronics,Medium,1
299,22,Female,Urban,54051,260.13559998362484,39,0,3,354,Home Goods,Medium,0
300,54,Female,Suburban,69811,203.16683583759323,12,1,2,336,Home Goods,Low,0
301,49,Female,Rural,50447,473.20182758127766,49,0,8,257,Home Goods,High,1
302,26,Female,Rural,148046,87.22195768595907,17,0,4,248,Home Goods,Low,0
303,58,Female,Urban,103930,468.89931742736377,42,1,7,76,Electronics,Medium,1
304,52,Male,Rural,143278,422.02159696895825,30,1,8,179,Home Goods,High,0
305,36,Male,Urban,120037,108.46846604106558,29,1,4,65,Clothing,Medium,1
306,65,Female,Suburban,50254,304.2429609538641,19,1,9,307,Home Goods,Medium,1
307,33,Female,Urban,104045,439.9465917870891,46,0,8,347,Home Goods,High,0
308,20,Male,Rural,136859,307.3141236232192,11,0,1,170,Electronics,Medium,1
309,37,Female,Suburban,77418,458.23991970228,34,0,8,21,Electronics,Medium,0
310,41,Female,Urban,134534,474.3427175672191,7,1,3,106,Clothing,Medium,0
311,50,Male,Urban,34472,240.07303498293766,44,0,5,322,Home Goods,Medium,1
312,41,Female,Suburban,131193,219.79114763284562,34,0,5,226,Home Goods,Medium,0
313,69,Female,Suburban,23471,471.34451928612054,20,1,5,215,Home Goods,Medium,1
314,28,Female,Urban,127332,353.81302751735063,38,1,1,68,Clothing,Medium,0
315,66,Male,Rural,140312,102.21020660667618,24,0,6,83,Electronics,Medium,0
316,25,Male,Urban,143379,69.03128715020654,10,1,5,102,Clothing,Medium,1
317,53,Male,Suburban,115804,304.0830729487684,32,0,0,38,Home Goods,Low,0
318,55,Female,Urban,28329,468.5769344472911,15,0,1,12,Electronics,Low,0
319,57,Female,Suburban,54865,429.9119160826183,37,1,6,296,Electronics,Medium,0
320,37,Male,Suburban,66850,354.1314859089514,20,0,0,312,Clothing,Low,0
321,52,Female,Rural,74220,112.60213200098939,3,1,0,180,Electronics,High,0
322,65,Female,Suburban,132234,164.404122686913,37,1,0,267,Electronics,Low,0
323,42,Female,Suburban,113808,443.98005194867727,40,0,7,12,Home Goods,Medium,0
324,52,Female,Rural,128381,132.26325649560522,8,0,3,119,Home Goods,Medium,0
325,42,Female,Suburban,26397,175.29773371269556,40,0,3,352,Electronics,Low,1
326,46,Male,Rural,117909,108.32029303794889,44,1,1,56,Electronics,Medium,0
327,35,Female,Rural,149004,354.248704136485,23,0,0,39,Clothing,High,0
328,63,Male,Suburban,55525,474.7920374134443,40,1,9,335,Clothing,High,1
329,35,Female,Suburban,73072,171.0356142179237,11,1,8,127,Electronics,Medium,1
330,19,Male,Urban,110106,263.9329735325332,46,0,6,172,Home Goods,High,1
331,52,Female,Rural,103820,335.45288287004195,8,1,3,34,Electronics,High,0
332,33,Male,Urban,104530,499.7598116970338,29,0,5,258,Electronics,Low,1
333,58,Female,Suburban,43284,97.16362924890745,30,0,1,4,Home Goods,High,1
334,53,Male,Urban,81330,274.3568597775691,10,0,6,217,Home Goods,Low,0
335,50,Female,Rural,103369,223.30405395612502,39,0,1,10,Clothing,Medium,0
336,21,Male,Urban,45122,439.6190743500598,28,0,9,326,Clothing,Low,1
337,50,Female,Rural,90553,264.1854789552451,49,0,7,116,Clothing,Medium,1
338,31,Male,Suburban,101906,99.93988606331664,36,0,7,183,Clothing,Medium,0
339,38,Male,Suburban,114788,335.4908653789626,13,1,0,361,Home Goods,Medium,0
340,65,Female,Rural,82812,396.8512782187459,32,0,7,115,Electronics,Medium,0
341,37,Female,Suburban,27999,51.296563249526564,36,1,1,161,Clothing,Medium,0
342,25,Male,Suburban,42436,436.53050843928327,37,1,5,66,Clothing,Low,0
343,24,Female,Suburban,62963,133.71035000254955,26,1,0,199,Home Goods,Medium,1
344,20,Male,Suburban,22096,298.43121409402005,22,0,4,30,Home Goods,High,0
345,34,Male,Rural,149940,237.10887530935256,4,1,6,74,Electronics,High,0
346,50,Male,Urban,133737,373.8442174747387,31,1,9,236,Electronics,Medium,0
347,65,Female,Urban,45279,217.02272665358382,18,0,0,326,Home Goods,High,0
348,29,Male,Suburban,141092,441.39342950676985,38,0,1,65,Clothing,Low,0
349,68,Male,Urban,128899,378.7233624314556,24,1,6,69,Clothing,Low,1
350,39,Female,Urban,134245,341.47092697831465,23,0,5,296,Clothing,Medium,0
351,39,Female,Suburban,46201,408.30826800328447,22,0,2,19,Electronics,Medium,1
352,63,Female,Suburban,39715,389.310365717772,2,0,9,225,Clothing,Medium,0
353,47,Female,Urban,49309,66.172403714699,31,0,1,198,Clothing,High,1
354,55,Male,Rural,35078,227.63045923017265,11,1,9,38,Home Goods,High,1
355,55,Male,Suburban,76614,468.8632837924204,28,0,3,144,Clothing,Low,0
356,62,Male,Rural,25105,106.5759210465018,46,0,2,44,Home Goods,High,0
357,68,Male,Urban,137666,381.69344769442307,32,0,6,325,Clothing,Low,0
358,25,Female,Suburban,114848,488.56631510089835,5,1,7,90,Electronics,High,0
359,44,Male,Rural,22839,73.48938307023724,38,1,1,237,Clothing,Low,0
360,44,Male,Suburban,88920,356.9872462819747,10,0,9,69,Clothing,Medium,1
361,51,Female,Urban,63619,260.66936358546366,40,0,6,165,Home Goods,High,0
362,38,Male,Rural,62821,310.62886491862497,46,1,7,129,Home Goods,Low,0
363,47,Male,Urban,145736,88.40360141794619,24,0,5,213,Home Goods,High,1
364,50,Male,Urban,33493,69.35312834012277,35,0,5,339,Clothing,Medium,0
365,45,Male,Suburban,37069,350.08999724791477,44,1,9,88,Clothing,Low,1
366,64,Male,Rural,132443,420.48924341932303,48,0,0,334,Electronics,High,0
367,50,Male,Urban,27531,401.9069007198353,23,0,3,251,Clothing,High,1
368,22,Female,Urban,57051,294.71257753980683,17,1,0,348,Electronics,Medium,0
369,65,Female,Rural,27736,94.94006951128017,1,1,3,71,Home Goods,Medium,1
370,36,Male,Urban,27710,359.61999972620623,31,0,1,164,Home Goods,Low,1
371,21,Male,Urban,87155,158.84999759936568,31,1,4,48,Home Goods,High,0
372,52,Female,Rural,33975,459.98091624532265,42,0,9,51,Electronics,High,0
373,66,Male,Rural,82424,427.2194117955672,42,0,8,288,Clothing,Medium,0
374,34,Male,Rural,65603,369.2223351893259,34,0,9,277,Home Goods,Medium,1
375,61,Male,Rural,43252,476.9806801240087,9,1,2,113,Clothing,Low,1
376,45,Female,Suburban,100797,64.13981968007282,22,1,7,238,Clothing,High,1
377,47,Male,Rural,21431,381.2901912773429,13,0,2,132,Home Goods,High,0
378,46,Female,Suburban,94603,198.6092507013824,25,0,5,273,Electronics,Low,0
379,63,Male,Suburban,57481,457.72964855886437,48,1,3,165,Clothing,Low,1
380,23,Female,Suburban,112573,170.00383849788992,18,1,7,292,Home Goods,Medium,0
381,52,Female,Urban,29557,376.1854246917577,12,1,5,242,Clothing,Medium,1
382,58,Male,Suburban,94971,444.9411588428516,40,0,7,319,Clothing,Low,0
383,54,Female,Suburban,123302,68.7455682722071,17,1,0,137,Clothing,Low,0
384,41,Male,Urban,20162,228.94141081641627,15,1,5,78,Clothing,High,1
385,46,Female,Urban,54742,393.0390644098724,42,0,0,169,Clothing,Low,0
386,66,Male,Urban,39675,254.7135002784142,15,0,0,122,Electronics,Low,0
387,63,Male,Rural,93997,170.2636834071179,15,0,7,175,Electronics,High,0
388,48,Female,Urban,37015,148.9124069704355,39,1,6,299,Home Goods,Low,0
389,52,Male,Urban,70057,109.18322011237007,13,0,2,81,Electronics,Medium,0
390,50,Male,Suburban,52591,435.70830193532703,17,0,5,86,Electronics,Medium,1
391,69,Female,Urban,113583,308.90993146320017,32,0,8,224,Electronics,High,0
392,38,Male,Rural,146133,84.37322524615519,9,0,6,15,Clothing,Low,1
393,49,Male,Urban,120318,222.16114560678594,40,1,2,309,Clothing,Medium,0
394,40,Female,Rural,29833,215.48014286229946,20,0,5,357,Home Goods,Medium,0
395,50,Female,Urban,27896,131.78263581925836,26,1,3,162,Home Goods,Medium,1
396,20,Male,Urban,52972,245.97843146248582,27,1,2,97,Home Goods,Medium,1
397,35,Male,Urban,69733,199.4447144269114,21,1,8,155,Clothing,Low,0
398,42,Female,Urban,140363,203.81166747148214,18,0,9,1,Electronics,Low,0
399,59,Female,Rural,61800,382.5619510045814,13,1,1,349,Electronics,Low,1
400,48,Male,Rural,116044,150.46852347733835,16,0,0,168,Clothing,Low,1
401,20,Female,Suburban,25347,338.8369814849099,9,0,1,314,Home Goods,Medium,1
402,57,Male,Rural,79063,306.7923307464207,12,0,6,324,Home Goods,High,1
403,63,Male,Urban,115850,305.6416305520403,44,1,9,91,Home Goods,High,0
404,41,Male,Suburban,22643,348.35330576379914,38,0,0,180,Clothing,Medium,0
405,67,Male,Suburban,60785,296.7719162880443,19,0,5,230,Home Goods,Medium,0
406,49,Male,Suburban,38681,445.6648016808731,7,0,6,300,Home Goods,High,0
407,64,Female,Urban,70026,354.0110413776169,35,1,8,147,Clothing,High,0
408,39,Female,Rural,123864,296.1334631171246,48,1,7,279,Electronics,Medium,1
409,40,Female,Urban,35892,423.39340412944017,18,1,5,188,Clothing,Medium,1
410,19,Female,Suburban,67299,322.7659542200659,16,0,2,346,Clothing,Low,1
411,44,Male,Urban,37073,181.01491150333055,39,1,7,349,Clothing,Low,0
412,59,Male,Urban,122304,143.19271317945703,4,0,6,313,Clothing,High,1
413,19,Male,Rural,50682,118.54750354820546,25,0,2,127,Electronics,Medium,0
414,43,Male,Rural,117798,454.7548456457457,32,1,8,6,Home Goods,High,0
415,34,Female,Suburban,146021,369.56094430912964,40,0,1,46,Clothing,Low,0
416,57,Male,Urban,116894,471.82029717394437,13,1,2,52,Electronics,Low,1
417,50,Male,Urban,144302,321.48131257172435,45,0,1,186,Home Goods,High,0
418,26,Female,Rural,34289,263.03039667271065,17,1,0,37,Home Goods,Low,0
419,60,Female,Urban,135359,76.8724200369002,49,0,3,225,Home Goods,Medium,1
420,65,Female,Urban,27927,352.2390266957134,37,0,4,52,Clothing,High,0
421,56,Female,Urban,68330,311.99394189570404,6,0,5,223,Clothing,Medium,1
422,46,Male,Rural,86707,495.59400211442966,19,0,4,153,Home Goods,Medium,0
423,59,Male,Suburban,140279,157.62145000200937,13,0,0,47,Home Goods,Low,1
424,43,Female,Suburban,97454,288.8318098790761,26,1,2,350,Home Goods,Medium,0
425,52,Male,Urban,127439,342.9308008031327,14,0,0,146,Home Goods,High,0
426,67,Male,Suburban,124646,340.06602863405465,31,1,4,63,Home Goods,Medium,1
427,42,Male,Rural,85428,302.5820943267812,4,1,4,348,Home Goods,Medium,0
428,41,Female,Rural,70601,399.6176046472515,39,1,5,181,Electronics,Medium,1
429,30,Male,Suburban,97465,142.24154428706737,8,0,7,124,Home Goods,Medium,0
430,24,Female,Suburban,22539,376.53224012348716,25,0,9,178,Clothing,Medium,1
431,53,Male,Urban,122263,328.88055714489013,13,0,0,38,Clothing,Low,0
432,62,Male,Suburban,131487,453.233800307558,32,1,3,259,Clothing,High,0
433,37,Male,Urban,42669,431.23749756511177,38,0,9,2,Home Goods,Low,0
434,18,Female,Urban,90968,191.81616760964897,38,0,0,63,Clothing,High,1
435,25,Male,Rural,40644,174.3067962388189,28,1,8,28,Electronics,High,1
436,63,Female,Rural,38745,491.74399573360154,30,1,6,10,Home Goods,High,1
437,33,Female,Rural,140852,287.26933141186544,3,1,6,96,Clothing,High,1
438,31,Female,Rural,148081,457.88943376149655,28,1,4,357,Electronics,High,1
439,29,Male,Suburban,48228,123.74646070121699,3,1,6,202,Electronics,Medium,0
440,68,Male,Rural,138358,339.26851166007845,45,1,1,20,Clothing,Low,0
441,40,Male,Suburban,54521,414.4370843122638,34,0,3,38,Electronics,Low,0
442,32,Male,Rural,142788,476.32786231390105,16,1,6,222,Clothing,Medium,0
443,45,Female,Suburban,117239,201.80306345766056,22,0,2,101,Electronics,High,0
444,51,Female,Urban,46928,376.2415264658236,32,0,1,45,Home Goods,Low,1
445,19,Female,Suburban,38322,292.46585406782856,38,0,9,65,Home Goods,Medium,0
446,49,Male,Suburban,77714,77.28301672991068,8,1,1,90,Home Goods,Medium,1
447,40,Female,Rural,107896,360.4998817890245,8,0,0,163,Home Goods,Low,0
448,39,Male,Suburban,82292,360.54345120702953,6,1,4,110,Home Goods,Low,1
449,68,Female,Urban,49055,468.7730621809417,14,1,5,337,Clothing,High,1
450,42,Male,Urban,62891,273.7906007760376,32,0,5,122,Home Goods,High,1
451,39,Male,Rural,101912,153.6129143197316,35,1,8,192,Home Goods,Low,0
452,39,Female,Urban,26588,70.05372055190563,10,0,3,98,Home Goods,High,0
453,66,Female,Suburban,110536,237.03898400865756,3,0,0,290,Home Goods,Medium,0
454,69,Female,Urban,26304,185.86251503487583,12,1,5,158,Electronics,High,0
455,59,Female,Rural,27345,392.489737710744,49,0,4,102,Home Goods,High,1
456,23,Male,Suburban,49300,209.42049417847096,31,0,9,280,Home Goods,Medium,1
457,32,Female,Rural,44259,477.0820383416798,29,0,5,42,Clothing,High,1
458,60,Female,Suburban,111006,483.0395913445029,5,1,2,83,Electronics,Medium,1
459,54,Female,Urban,108553,329.4088655979686,25,0,1,190,Clothing,High,0
460,50,Male,Rural,35352,467.8971291566973,41,1,5,50,Home Goods,Low,1
461,25,Male,Rural,149350,392.38445503152303,31,1,0,209,Clothing,High,0
462,61,Female,Suburban,53365,296.0868384388068,21,0,6,125,Clothing,Low,1
463,61,Male,Rural,39446,131.13857094025013,20,0,6,68,Home Goods,Low,1
464,22,Female,Suburban,22336,256.369074581228,39,1,9,264,Electronics,Low,1
465,56,Male,Suburban,82032,302.39350851317795,22,1,6,257,Electronics,Low,0
466,21,Male,Suburban,95415,438.7827113307546,4,0,9,187,Clothing,Low,0
467,23,Male,Suburban,117852,266.6000194410492,13,0,0,229,Home Goods,Medium,1
468,62,Male,Urban,118876,453.95360270508047,45,1,3,188,Clothing,Medium,1
469,49,Female,Suburban,27521,353.457040560561,42,1,6,9,Clothing,Medium,1
470,69,Female,Rural,91707,111.64957837415213,49,1,8,113,Clothing,Low,0
471,47,Female,Urban,43481,497.74161619629183,20,1,4,75,Home Goods,High,0
472,64,Male,Rural,38474,287.2546973392607,13,1,1,163,Home Goods,Medium,0
473,52,Female,Urban,66760,226.3362333840855,17,0,6,84,Electronics,High,1
474,57,Female,Suburban,75718,346.6011940112869,36,1,9,48,Home Goods,High,0
475,69,Female,Urban,64629,99.00199129146759,33,1,0,325,Clothing,Low,1
476,33,Male,Urban,65232,336.44239103900946,1,0,6,176,Clothing,Low,0
477,30,Male,Rural,106544,274.20620022467284,15,0,5,217,Electronics,Low,1
478,67,Male,Rural,87169,233.00333149936242,13,1,6,188,Home Goods,Medium,1
479,59,Female,Suburban,147941,478.85900953050464,17,1,9,345,Clothing,Low,0
480,47,Female,Urban,70669,285.1428725294239,24,0,2,229,Electronics,Medium,1
481,36,Female,Urban,98021,148.6028657614723,8,1,2,254,Electronics,Medium,1
482,34,Male,Urban,129153,256.5335657197844,27,1,6,235,Clothing,Medium,1
483,36,Male,Suburban,89184,463.72433205770267,45,0,1,25,Clothing,Medium,0
484,45,Female,Suburban,67945,129.2429620987676,23,1,0,71,Home Goods,Low,1
485,43,Male,Suburban,33140,146.2806674097066,46,0,8,260,Electronics,Medium,0
486,54,Male,Suburban,146468,55.86330549068769,8,0,8,253,Clothing,Low,0
487,43,Male,Suburban,103457,56.38552222809523,8,0,6,270,Electronics,Low,1
488,40,Male,Rural,34357,423.2262321313306,26,0,6,122,Home Goods,Medium,0
489,26,Female,Urban,131672,379.4551730793301,47,1,2,143,Clothing,Low,1
490,29,Male,Urban,88673,209.76847540338122,13,0,9,256,Home Goods,High,0
491,18,Male,Urban,141673,364.24002075240776,39,1,1,143,Electronics,Low,1
492,18,Male,Urban,85633,227.84266683948658,37,1,6,258,Home Goods,Low,0
493,64,Male,Urban,96943,478.8035581990224,49,1,8,46,Home Goods,Medium,1
494,51,Female,Urban,116111,485.1737066417157,28,1,0,350,Electronics,Medium,1
495,49,Female,Urban,98258,226.75719911420452,25,1,3,12,Home Goods,Low,1
496,65,Male,Urban,32924,434.3998578533906,16,0,5,207,Electronics,Medium,1
497,42,Male,Rural,89286,397.8900687638598,2,0,6,310,Clothing,High,0
498,57,Male,Urban,113269,189.4999717273052,18,0,9,234,Electronics,High,0
499,62,Male,Rural,147563,154.4179230054977,17,0,6,148,Electronics,Medium,1
500,18,Male,Suburban,94071,256.20559267677527,30,1,9,321,Clothing,Low,0
501,33,Male,Urban,77326,401.60697827648283,39,0,1,154,Electronics,High,1
502,56,Female,Suburban,110023,482.07550312793546,13,1,3,165,Clothing,High,1
503,22,Male,Suburban,140101,393.61058098995767,32,1,4,89,Clothing,Low,0
504,39,Female,Suburban,50651,434.8431432582665,29,0,0,185,Electronics,Medium,0
505,46,Female,Rural,90202,321.37893777673247,46,0,0,317,Home Goods,High,1
506,20,Male,Suburban,68777,425.93352387895663,30,0,9,357,Home Goods,Low,0
507,29,Female,Suburban,36994,402.98938610153795,18,0,2,173,Clothing,Low,1
508,43,Female,Suburban,87263,219.64349386682605,13,1,9,216,Home Goods,High,0
509,33,Female,Urban,79634,298.39563595432446,43,1,2,263,Home Goods,Medium,0
510,68,Female,Urban,120158,412.13890489536266,21,0,7,96,Electronics,High,0
511,54,Female,Rural,30800,70.72553038548037,30,1,8,116,Clothing,Low,0
512,39,Female,Rural,57823,413.63567706012344,21,1,0,198,Clothing,High,0
513,46,Male,Urban,128575,130.04965582206054,48,1,1,319,Electronics,Medium,1
514,31,Female,Rural,83878,281.60762770464754,17,0,9,20,Home Goods,Low,0
515,45,Female,Urban,38708,413.7239478001719,40,1,1,199,Clothing,Medium,0
516,22,Female,Suburban,32819,164.21948517051268,19,0,3,340,Home Goods,High,1
517,64,Male,Suburban,94905,160.61334768776885,15,0,1,247,Clothing,High,1
518,66,Female,Rural,83870,231.24397930801334,9,1,6,275,Clothing,Medium,1
519,47,Male,Urban,29283,452.58925890993555,10,1,8,263,Clothing,High,0
520,63,Female,Urban,50573,50.19925164674355,44,0,6,57,Clothing,Medium,0
521,69,Male,Rural,98707,455.6223934888707,31,1,5,301,Home Goods,High,1
522,22,Male,Urban,50933,119.2131610887235,23,1,9,30,Home Goods,Medium,1
523,29,Female,Suburban,25774,495.5388692303669,30,0,0,248,Home Goods,Medium,1
524,33,Female,Rural,92055,479.68114686731064,33,0,9,92,Home Goods,Low,1
525,43,Male,Rural,30983,272.6038353160775,9,0,8,264,Electronics,Low,0
526,43,Female,Urban,116468,280.7241115156827,47,0,4,270,Clothing,Medium,0
527,65,Male,Rural,116334,266.69720312413443,1,1,4,93,Clothing,High,0
528,38,Male,Urban,38133,335.9496405467852,44,1,5,153,Clothing,High,0
529,56,Male,Urban,145555,90.82476600571897,35,0,8,284,Electronics,High,0
530,53,Male,Urban,34939,64.67807675370493,11,0,7,79,Home Goods,Medium,1
531,50,Male,Urban,20781,75.96631778715448,34,0,7,291,Clothing,Medium,0
532,47,Female,Urban,134586,249.96440715868147,16,1,7,83,Home Goods,Medium,1
533,54,Male,Rural,76700,173.99657264876754,9,0,0,364,Home Goods,Medium,1
534,40,Male,Suburban,47624,329.9178030669472,32,1,0,36,Electronics,Low,1
535,27,Female,Suburban,26823,496.5990302186505,15,0,7,341,Electronics,Medium,0
536,22,Male,Rural,38489,223.84542788440965,12,0,4,326,Home Goods,High,1
537,53,Female,Rural,138555,308.228564347031,33,0,8,231,Clothing,Low,0
538,51,Female,Suburban,59961,237.02175315830098,45,1,1,92,Clothing,High,1
539,69,Female,Suburban,139664,431.2722504748367,14,1,8,335,Electronics,Medium,0
540,48,Male,Suburban,49118,456.00638155800715,8,1,7,101,Electronics,Low,1
541,27,Male,Suburban,120417,444.810025492367,8,0,8,165,Electronics,Medium,0
542,36,Male,Suburban,101816,488.4675074056659,27,1,3,158,Electronics,Low,1
543,49,Female,Urban,42263,62.38363331318688,12,1,0,13,Electronics,High,1
544,18,Male,Rural,33565,427.91727296548896,1,0,0,224,Electronics,Medium,1
545,22,Female,Urban,40354,388.29747786759197,43,0,4,72,Electronics,Medium,1
546,62,Male,Suburban,62951,152.91248423016415,40,1,1,248,Clothing,Low,0
547,21,Female,Suburban,111179,480.3440420243874,42,1,7,90,Electronics,Low,0
548,33,Male,Suburban,43648,116.68006770347546,11,1,9,215,Electronics,Medium,0
549,41,Male,Urban,70729,355.7974672102588,39,1,4,89,Clothing,Low,1
550,33,Male,Urban,61971,151.20059756716063,43,0,4,28,Clothing,Medium,1
551,19,Female,Suburban,38658,244.1212919483336,31,0,1,304,Home Goods,Low,1
552,66,Female,Urban,41253,373.62195362505605,17,0,6,219,Electronics,High,1
553,45,Male,Urban,84166,303.496088914871,33,1,7,327,Electronics,Low,1
554,49,Male,Suburban,68563,242.37582409765028,32,1,9,214,Electronics,High,1
555,44,Female,Urban,46390,196.85229391939424,29,0,0,220,Electronics,Low,0
556,37,Female,Rural,108664,427.84684506895564,21,0,1,41,Home Goods,Low,0
557,41,Female,Rural,71578,114.71645764166617,21,1,9,134,Clothing,Medium,0
558,29,Male,Rural,99025,243.54629443841003,40,1,3,41,Clothing,Low,0
559,67,Female,Rural,123850,456.69090729881395,23,0,4,163,Electronics,Low,0
560,52,Male,Suburban,52658,430.63229770698547,6,0,1,360,Electronics,High,0
561,50,Female,Suburban,26852,230.423793112871,22,0,0,282,Electronics,Low,0
562,50,Male,Suburban,147282,393.39876362058874,38,1,8,57,Home Goods,Medium,0
563,68,Female,Rural,114986,420.42237381898667,37,1,0,301,Home Goods,High,1
564,60,Female,Rural,22551,449.99934080163337,45,1,3,321,Clothing,Medium,1
565,54,Female,Urban,91947,295.0275960721526,8,1,1,24,Electronics,Medium,1
566,29,Female,Urban,81001,142.00739872462032,41,1,3,72,Electronics,Medium,1
567,20,Female,Rural,69159,164.88908442676924,49,1,7,128,Electronics,Medium,1
568,18,Male,Rural,142775,183.0626033187219,35,0,7,86,Electronics,High,1
569,50,Female,Rural,71707,317.211116364327,11,0,8,329,Home Goods,Low,1
570,57,Female,Rural,53243,64.7643308578738,24,1,4,152,Clothing,Medium,0
571,27,Female,Urban,41800,336.21911095098574,49,0,6,181,Clothing,High,0
572,60,Male,Rural,95939,213.9594072927044,21,1,2,124,Home Goods,Medium,1
573,61,Female,Urban,77828,182.85881112033897,2,0,9,66,Electronics,Low,0
574,46,Male,Rural,27239,445.77345682765684,40,1,3,5,Clothing,High,0
575,30,Female,Rural,26710,257.0010780113595,19,0,9,124,Clothing,High,0
576,29,Female,Rural,41384,92.77387048971175,39,0,8,313,Home Goods,Low,0
577,48,Male,Urban,41038,422.0360456118112,28,1,9,325,Electronics,High,0
578,63,Female,Urban,60846,71.43856584642796,17,1,9,52,Clothing,Low,1
579,19,Male,Suburban,107983,377.0371508756885,6,0,0,65,Electronics,High,0
580,68,Male,Rural,87821,398.2577997967993,19,0,1,313,Clothing,High,1
581,67,Female,Suburban,57991,208.67117266798618,38,1,4,81,Home Goods,Low,1
582,52,Male,Suburban,99057,421.154535325004,28,0,2,86,Electronics,Low,1
583,40,Female,Urban,133193,282.04673263540406,2,1,1,1,Home Goods,High,0
584,34,Female,Urban,26971,258.48214397275854,38,1,0,203,Clothing,High,1
585,43,Male,Suburban,49139,70.43147666091164,37,0,9,149,Home Goods,Low,1
586,25,Male,Rural,105445,180.51313714200765,4,1,2,292,Home Goods,Low,1
587,46,Male,Urban,97067,468.9544868983849,22,0,0,102,Home Goods,High,1
588,43,Male,Rural,100257,226.320783477575,26,0,0,23,Clothing,High,0
589,27,Female,Rural,104742,296.01523425054575,49,1,0,211,Electronics,High,1
590,43,Female,Suburban,57711,289.40975554291333,43,0,7,64,Home Goods,Low,1
591,51,Male,Suburban,26530,315.693990420212,36,1,2,208,Electronics,High,1
592,68,Female,Suburban,31116,77.59893003947718,13,1,0,250,Clothing,Medium,1
593,58,Female,Suburban,85794,212.97931465942773,32,1,6,116,Electronics,Low,0
594,24,Female,Urban,20282,375.40772324714936,17,0,9,115,Home Goods,High,1
595,21,Female,Urban,99473,140.25211298284233,41,1,2,236,Home Goods,Low,1
596,67,Male,Suburban,21898,141.6102698958622,36,0,7,104,Home Goods,Medium,1
597,62,Male,Urban,24135,54.54077301006113,46,1,3,258,Home Goods,Low,1
598,28,Female,Suburban,26629,246.86686697369439,19,1,3,45,Home Goods,High,1
599,46,Male,Rural,129472,447.2304713030399,35,1,4,310,Home Goods,Medium,1
600,53,Male,Rural,145147,73.35542461428906,46,0,5,330,Clothing,Medium,0
601,42,Male,Rural,105120,136.0034192732012,40,0,6,215,Clothing,High,1
602,38,Female,Suburban,139798,189.53804225423977,28,1,3,300,Clothing,High,0
603,53,Female,Rural,109087,379.2761314538958,1,1,7,332,Electronics,High,0
604,27,Female,Urban,85031,338.2860167611639,42,0,5,23,Electronics,Low,1
605,54,Male,Rural,53380,237.17475706183475,18,0,0,34,Clothing,Low,0
606,26,Female,Rural,149951,391.58102266626906,48,0,0,23,Electronics,Low,1
607,41,Female,Rural,132507,324.33395524560586,40,1,8,27,Electronics,High,0
608,52,Male,Urban,37071,453.2183598457486,33,0,9,15,Home Goods,High,1
609,66,Female,Suburban,40074,418.1120371124118,12,1,5,58,Home Goods,Low,0
610,52,Female,Urban,110724,163.76612274014025,8,0,9,242,Electronics,Medium,0
611,65,Male,Suburban,87843,172.1473599353901,24,1,7,206,Electronics,Low,1
612,53,Male,Suburban,59901,106.41041410657354,16,1,6,270,Clothing,Medium,0
613,35,Male,Rural,31205,201.63412657285542,4,1,5,248,Electronics,High,0
614,66,Female,Suburban,75661,499.7947634235924,38,0,3,266,Home Goods,High,0
615,56,Female,Urban,144661,232.58802587677744,44,0,6,192,Electronics,Low,0
616,49,Female,Urban,25906,149.2197956100979,27,0,8,334,Clothing,Low,0
617,41,Male,Suburban,22591,393.11729801399883,9,1,9,217,Home Goods,High,1
618,40,Male,Rural,145576,294.11195155819524,47,1,9,114,Home Goods,Low,0
619,49,Female,Rural,82987,117.32065228712864,16,0,6,67,Home Goods,High,0
620,54,Female,Urban,83370,221.31035652238958,12,1,0,298,Home Goods,High,1
621,29,Male,Rural,100685,236.51137199270448,31,1,9,324,Electronics,Medium,1
622,66,Male,Suburban,130454,389.2233652561484,24,1,8,74,Clothing,Low,1
623,30,Male,Suburban,125487,59.30211600135701,14,0,3,102,Electronics,High,0
624,40,Male,Urban,74400,171.0588410592397,45,1,2,296,Electronics,Low,0
625,42,Female,Suburban,45150,282.91833559198494,25,0,3,177,Home Goods,Medium,0
626,52,Male,Urban,51852,170.9810341037795,34,0,3,214,Clothing,Medium,0
627,58,Female,Suburban,62870,332.7953213385495,3,0,9,314,Home Goods,Low,1
628,47,Female,Urban,139796,266.8403656735775,24,0,1,38,Electronics,Low,1
629,34,Female,Rural,72756,212.76961468681128,42,0,0,258,Electronics,High,0
630,66,Male,Suburban,135357,477.1438820917305,9,1,9,203,Home Goods,Medium,0
631,37,Male,Suburban,139052,334.47177463390585,26,0,0,6,Electronics,Medium,0
632,65,Male,Urban,76481,108.47361752057355,20,0,7,48,Electronics,Medium,0
633,42,Male,Urban,21283,302.041263849528,40,0,1,25,Home Goods,Low,1
634,39,Female,Suburban,53691,401.32933394040543,10,1,9,160,Electronics,High,1
635,30,Male,Urban,21125,368.8203638717588,19,1,4,356,Clothing,Low,0
636,36,Male,Suburban,87065,127.44015318286672,3,1,3,175,Home Goods,Low,1
637,66,Female,Rural,148734,487.5889995680465,24,1,7,78,Clothing,Low,0
638,53,Male,Urban,46170,251.96614058597268,5,0,1,1,Electronics,High,0
639,29,Female,Suburban,28438,121.56125168311759,3,0,9,131,Electronics,Low,1
640,58,Female,Rural,40095,131.08808935766655,27,1,8,275,Home Goods,Medium,0
641,36,Female,Rural,36154,94.20574648508622,16,1,6,116,Electronics,Medium,1
642,29,Female,Suburban,28004,411.58314879572043,49,1,6,163,Home Goods,Medium,0
643,26,Female,Urban,29752,104.91372244483189,15,1,0,287,Home Goods,High,1
644,24,Female,Suburban,75426,106.30636571378612,35,0,1,27,Home Goods,Low,0
645,45,Female,Rural,128896,432.71222664237695,12,1,3,332,Home Goods,High,1
646,31,Female,Suburban,46819,205.07183800140183,41,1,3,0,Home Goods,Low,0
647,48,Male,Urban,122168,63.8860569386326,44,1,2,187,Clothing,Medium,0
648,69,Male,Rural,112051,73.35288478328489,26,1,6,55,Home Goods,Low,1
649,36,Male,Suburban,147905,113.976701016753,47,1,7,34,Clothing,Low,0
650,64,Male,Urban,44217,146.0270065890603,34,1,1,111,Electronics,Low,1
651,33,Female,Rural,145949,349.3157874072824,23,1,3,285,Home Goods,High,1
652,22,Male,Urban,108708,120.7968260008227,31,0,2,309,Electronics,Low,0
653,52,Female,Rural,52994,103.4934760296824,20,0,1,35,Home Goods,Low,0
654,29,Male,Suburban,35036,394.1236136643256,12,0,5,216,Clothing,Low,0
655,42,Male,Urban,97275,351.9748777369615,23,0,3,79,Clothing,High,0
656,69,Male,Rural,117756,245.8958996548563,4,0,5,313,Clothing,High,1
657,38,Female,Urban,69416,297.1893971660468,23,0,1,82,Electronics,High,0
658,53,Male,Urban,29587,190.3928091468883,48,1,3,64,Home Goods,Low,0
659,40,Female,Suburban,130053,267.1251891059123,48,1,5,324,Electronics,Medium,0
660,33,Female,Urban,115665,278.0026920422356,1,0,4,127,Clothing,Medium,1
661,56,Male,Rural,20645,224.25677203014317,25,1,2,306,Electronics,Medium,0
662,62,Male,Rural,50930,457.95749480247326,2,0,7,21,Clothing,Low,1
663,59,Male,Rural,101835,57.22783924145276,30,1,6,215,Clothing,Medium,0
664,56,Female,Rural,142232,401.97706839106075,3,1,2,106,Clothing,Medium,1
665,31,Male,Suburban,50090,105.97227405859594,21,1,5,108,Home Goods,Medium,0
666,48,Female,Urban,107489,408.89631224173974,25,1,3,356,Home Goods,Low,0
667,22,Female,Suburban,72142,327.16036205452457,20,1,4,180,Clothing,Medium,1
668,52,Male,Urban,131979,429.47514092138107,49,1,4,355,Electronics,Medium,0
669,40,Male,Urban,46475,93.88144653840385,22,0,6,163,Electronics,Low,0
670,46,Female,Urban,38888,301.5412853448983,21,0,4,67,Home Goods,High,0
671,60,Female,Suburban,63732,275.48954611798865,33,1,2,291,Clothing,Medium,1
672,28,Female,Urban,101623,367.7869323335114,38,0,9,179,Electronics,High,0
673,35,Male,Suburban,66305,290.43074835215407,15,1,4,180,Clothing,Medium,1
674,64,Female,Rural,66037,293.3305552098969,46,0,6,168,Electronics,Low,1
675,29,Male,Rural,29346,243.31817460922912,15,1,4,21,Home Goods,High,1
676,26,Female,Urban,20587,188.9754908033034,46,0,4,65,Clothing,High,0
677,27,Female,Suburban,32763,267.0189625634865,25,1,8,20,Clothing,High,1
678,61,Male,Rural,79165,103.32156144578026,21,0,2,99,Electronics,High,1
679,34,Female,Suburban,127481,482.68100254238817,24,1,5,299,Electronics,Medium,0
680,55,Male,Suburban,89615,371.4848436319692,5,0,0,102,Electronics,Medium,1
681,24,Male,Urban,56116,478.61020250953106,6,1,9,46,Clothing,High,1
682,63,Female,Rural,140987,152.02732204848348,49,1,4,38,Home Goods,Medium,0
683,30,Male,Urban,105751,445.7034590794376,43,1,7,284,Home Goods,High,0
684,57,Male,Urban,111353,413.9554930535923,48,0,4,309,Electronics,High,1
685,59,Female,Rural,110301,354.71858560595314,44,0,8,89,Home Goods,Low,0
686,26,Male,Rural,115648,331.26313373834256,47,0,5,84,Electronics,High,0
687,67,Male,Suburban,45556,192.4473493705415,23,1,7,272,Home Goods,Medium,0
688,44,Male,Rural,79042,417.3848532342638,4,0,9,335,Clothing,High,1
689,19,Female,Suburban,38099,275.6819576658802,27,1,7,187,Electronics,Low,1
690,22,Male,Suburban,129089,81.9012091510784,18,0,2,158,Home Goods,Medium,0
691,46,Female,Suburban,65096,190.78842238480848,21,0,6,242,Clothing,Low,1
692,54,Female,Rural,91986,470.88369434539743,28,0,6,72,Home Goods,Low,0
693,55,Male,Urban,33230,432.8061172721808,35,0,9,48,Clothing,High,0
694,36,Male,Suburban,49009,491.8575641344426,22,1,5,100,Clothing,Low,0
695,25,Male,Urban,90969,332.5970221718441,40,0,6,1,Home Goods,Low,0
696,65,Female,Urban,53866,161.3795329131854,23,0,1,243,Home Goods,Medium,0
697,62,Male,Rural,125400,123.2667723545887,3,1,8,175,Clothing,Low,1
698,18,Male,Urban,104246,134.11149827380774,40,1,9,237,Clothing,High,1
699,39,Male,Urban,96975,58.90804625626447,10,0,9,58,Clothing,High,1
700,69,Male,Rural,61855,225.80694994367263,25,0,0,352,Electronics,High,1
701,34,Male,Suburban,101557,136.14245622479413,49,1,0,98,Clothing,Low,0
702,24,Female,Urban,26416,235.2449572055161,8,1,2,358,Electronics,Medium,0
703,42,Female,Rural,92516,470.74749432744443,11,1,2,1,Clothing,High,1
704,62,Male,Urban,75915,243.74309427823547,5,0,0,242,Electronics,Low,1
705,21,Male,Urban,38058,445.0930236431757,45,0,6,296,Clothing,High,0
706,53,Male,Suburban,96637,322.4771449771444,37,0,3,210,Clothing,High,0
707,23,Male,Urban,60718,161.20919959762637,45,1,9,122,Clothing,Medium,0
708,48,Female,Rural,52602,210.13464166664514,38,1,1,228,Home Goods,High,1
709,36,Male,Urban,94658,87.76379111964323,29,1,9,81,Home Goods,Medium,0
710,61,Female,Suburban,98112,200.05816711820472,5,0,4,143,Clothing,Low,0
711,56,Female,Suburban,78067,354.8934254765903,9,1,5,139,Electronics,High,1
712,44,Male,Rural,47516,82.44999181824583,48,0,8,28,Electronics,Low,1
713,27,Female,Suburban,149295,142.4306338151132,2,1,3,269,Clothing,Low,1
714,43,Female,Urban,107969,221.64846863599016,1,0,1,246,Home Goods,Low,0
715,36,Female,Suburban,21089,491.92229165718317,40,0,4,11,Electronics,High,0
716,56,Female,Rural,57346,403.1878203314961,30,1,2,354,Home Goods,Medium,1
717,20,Male,Suburban,94663,380.06903592144675,11,0,1,336,Electronics,High,0
718,62,Male,Suburban,30487,102.28593043645068,28,1,0,105,Clothing,Low,0
719,30,Female,Suburban,20155,401.44815212674615,44,0,9,31,Home Goods,Medium,0
720,67,Male,Rural,143950,403.3709651822068,12,1,1,73,Electronics,Low,1
721,45,Male,Suburban,87494,320.49621303094773,39,1,5,170,Clothing,Medium,1
722,37,Male,Suburban,96229,495.6628018992673,26,0,7,336,Clothing,High,0
723,45,Male,Urban,124648,196.3642576660484,13,1,2,68,Clothing,Medium,0
724,25,Male,Rural,58547,473.57260170883325,8,0,8,300,Home Goods,High,0
725,58,Female,Suburban,48795,461.62900173042664,28,1,8,361,Home Goods,Low,0
726,56,Male,Rural,75296,55.16629688722003,30,1,1,136,Clothing,Medium,1
727,18,Male,Suburban,41447,252.55243691366496,9,1,7,99,Home Goods,Low,1
728,20,Male,Suburban,56598,489.696904873208,39,1,9,145,Electronics,Medium,0
729,30,Male,Suburban,61814,96.4046130836341,31,0,4,8,Clothing,High,0
730,45,Female,Urban,110751,296.50311247249374,21,1,3,61,Clothing,Medium,1
731,66,Female,Urban,145118,490.5308781684968,47,1,9,184,Home Goods,Medium,0
732,42,Female,Urban,95330,299.97294084763706,34,0,4,28,Clothing,High,1
733,50,Female,Rural,141347,135.4168863374702,31,0,3,113,Electronics,High,0
734,55,Male,Rural,118745,311.9824535416654,25,0,7,142,Home Goods,High,1
735,23,Female,Urban,107960,141.9982582772961,12,0,3,119,Home Goods,Medium,0
736,61,Male,Rural,83278,283.8669183025179,1,0,9,169,Clothing,Low,0
737,62,Male,Suburban,75077,83.3189980605566,22,0,5,156,Clothing,Medium,1
738,49,Male,Suburban,132782,322.46720114648207,40,1,1,334,Clothing,Medium,1
739,62,Male,Suburban,142046,282.55547260767116,37,0,4,348,Home Goods,Low,0
740,64,Male,Urban,122932,383.0726159426584,47,1,5,259,Clothing,High,0
741,38,Female,Rural,91906,333.81521202145325,1,0,4,81,Electronics,Medium,1
742,33,Female,Urban,29528,297.32282083884047,1,1,1,241,Clothing,Low,1
743,38,Female,Rural,113812,360.4004821616545,42,1,6,171,Clothing,High,0
744,28,Female,Suburban,70100,114.77386110750388,42,1,3,230,Home Goods,High,0
745,54,Male,Urban,129869,317.9118475663718,21,0,7,207,Clothing,Medium,1
746,53,Female,Rural,28179,127.44977127024995,15,0,6,74,Home Goods,High,1
747,52,Male,Rural,68781,466.4849935333464,17,0,6,269,Clothing,High,1
748,36,Female,Suburban,75267,80.75034718052189,22,0,8,113,Electronics,Low,1
749,37,Male,Urban,102379,243.66863736085696,38,1,0,61,Electronics,Low,1
750,35,Male,Urban,43952,363.1088649449502,35,0,9,361,Home Goods,High,0
751,64,Female,Urban,73798,256.10999525071645,45,1,5,319,Home Goods,Low,0
752,58,Male,Suburban,118696,91.44286395480606,16,1,5,101,Clothing,High,1
753,66,Male,Urban,130434,299.0205572570183,8,0,5,361,Clothing,Medium,0
754,31,Female,Suburban,70939,338.73435897230956,47,0,5,209,Electronics,Low,0
755,32,Male,Suburban,49516,366.7065399457284,17,0,9,254,Clothing,High,1
756,48,Female,Suburban,76526,217.9669165082415,17,1,6,19,Electronics,High,0
757,18,Female,Rural,30449,303.64698696294295,26,0,9,57,Home Goods,Low,0
758,20,Female,Urban,70290,252.8089137225109,13,1,5,111,Clothing,Low,0
759,33,Male,Urban,146688,352.42521743851404,17,0,0,312,Home Goods,Medium,1
760,40,Male,Suburban,106661,312.6006352961683,38,1,2,195,Clothing,High,1
761,28,Male,Suburban,92954,286.5902988016107,17,0,1,352,Electronics,Medium,0
762,29,Female,Urban,42746,162.28596507721187,48,0,5,91,Home Goods,Medium,0
763,27,Male,Suburban,87990,50.90833298670526,14,1,7,51,Home Goods,Medium,0
764,49,Female,Urban,78810,128.33675389014317,45,0,2,292,Clothing,Low,0
765,33,Female,Rural,138362,102.6797186408759,6,0,9,7,Home Goods,Medium,0
766,25,Male,Suburban,103297,252.08813525492604,35,0,7,299,Electronics,Low,0
767,55,Female,Urban,35223,325.5161678428301,46,0,7,97,Home Goods,Low,1
768,29,Male,Suburban,92237,145.88825390816368,14,0,4,235,Home Goods,Medium,0
769,41,Male,Urban,22597,472.57569318523423,47,0,7,68,Clothing,Medium,0
770,45,Male,Urban,85677,53.0069581507495,8,0,5,44,Home Goods,High,1
771,25,Male,Suburban,22659,397.5354568244043,15,1,4,136,Clothing,Medium,0
772,45,Male,Rural,106516,331.342146288699,27,1,8,233,Clothing,High,0
773,53,Female,Urban,94567,218.09966047145684,13,0,6,31,Home Goods,Medium,0
774,43,Female,Urban,35037,72.72002498558356,49,0,7,288,Electronics,Medium,0
775,25,Female,Urban,146498,332.3689573029257,31,0,0,125,Clothing,Medium,1
776,67,Male,Rural,66738,223.52608078954162,35,1,1,66,Home Goods,Medium,0
777,45,Male,Rural,123965,471.32021273594864,6,1,7,29,Clothing,High,1
778,45,Male,Suburban,91678,293.89553370039465,5,0,8,113,Electronics,High,0
779,54,Female,Rural,32109,472.8431800820787,22,1,3,203,Electronics,Medium,0
780,58,Male,Suburban,42010,149.21766206298685,49,0,9,28,Clothing,Medium,1
781,53,Female,Suburban,28787,376.5766596638465,23,0,9,130,Electronics,High,0
782,44,Female,Rural,128400,327.7620593819266,25,0,8,184,Home Goods,Low,1
783,34,Male,Suburban,28472,382.7337034240903,34,0,3,252,Home Goods,Low,1
784,26,Male,Rural,135111,146.60053878764154,26,1,9,285,Clothing,Low,1
785,50,Female,Suburban,43383,349.24753230699815,47,1,9,61,Electronics,High,0
786,37,Male,Rural,81709,274.1181768755911,5,0,9,2,Home Goods,High,0
787,30,Female,Rural,89785,384.2712387078423,26,1,8,67,Home Goods,Low,0
788,45,Male,Suburban,133253,197.170089868318,20,1,6,24,Home Goods,Low,0
789,65,Male,Urban,54518,450.5256614593637,6,0,1,178,Clothing,Medium,1
790,46,Female,Suburban,73909,87.93559157510768,6,1,8,140,Clothing,High,0
791,30,Male,Rural,38351,413.2351934560346,18,0,3,230,Home Goods,High,0
792,63,Female,Urban,89624,437.59383161679085,4,0,7,299,Home Goods,Low,1
793,52,Male,Suburban,73330,417.76354011506953,17,0,6,162,Electronics,Low,1
794,23,Female,Suburban,142477,280.7268774177992,14,0,6,310,Electronics,High,0
795,35,Female,Suburban,35282,247.27324101384258,14,1,7,129,Electronics,Medium,1
796,68,Male,Urban,104866,498.31802893619454,13,0,0,245,Clothing,Low,1
797,22,Female,Rural,127945,153.12737804637294,7,1,4,296,Home Goods,High,1
798,64,Male,Suburban,41778,296.09418464422004,44,0,1,171,Clothing,High,1
799,42,Male,Suburban,44264,351.8039864220465,15,0,1,63,Home Goods,Medium,1
800,19,Male,Suburban,79675,365.3904361376444,19,1,0,30,Electronics,Medium,0
801,27,Female,Suburban,25075,141.8110995823604,43,0,4,46,Electronics,Low,0
802,47,Female,Suburban,95948,344.29734155291055,47,1,1,129,Electronics,Low,0
803,67,Male,Rural,68454,418.26630491660177,44,1,3,351,Electronics,Low,0
804,62,Male,Rural,48365,72.5083595695005,35,0,2,332,Home Goods,High,0
805,22,Female,Suburban,92766,460.1845819963924,17,0,2,109,Electronics,Low,0
806,50,Male,Urban,68200,63.27682481534267,35,0,1,68,Home Goods,High,0
807,18,Male,Rural,31002,210.18696461977746,19,0,5,57,Home Goods,Low,1
808,35,Female,Urban,33947,57.11593830483293,20,0,1,105,Clothing,Medium,0
809,49,Male,Rural,99222,84.71532584281184,36,0,7,299,Electronics,Medium,0
810,64,Female,Suburban,114840,460.02572833103557,35,1,7,329,Electronics,High,0
811,66,Male,Rural,136219,209.68737383576652,32,1,4,255,Clothing,Medium,1
812,28,Female,Suburban,98610,241.1471886912738,48,0,9,311,Home Goods,High,0
813,38,Male,Rural,72142,146.90497162214868,44,1,6,170,Electronics,High,0
814,43,Male,Suburban,76307,318.6930965840239,40,1,3,161,Home Goods,Medium,1
815,42,Female,Suburban,24493,317.6614466050053,24,0,0,285,Clothing,High,0
816,39,Male,Suburban,144023,217.49017632134866,17,0,1,70,Home Goods,Medium,0
817,44,Female,Suburban,70085,199.86569231242927,7,1,9,254,Electronics,Low,1
818,66,Male,Urban,54228,448.23393868126453,43,0,9,54,Home Goods,Low,0
819,30,Female,Suburban,99676,222.47790783899063,1,1,3,322,Home Goods,Medium,1
820,50,Female,Urban,71875,272.0754464694837,35,0,0,2,Electronics,Medium,0
821,51,Female,Urban,51655,177.4871430912188,32,1,7,25,Electronics,Medium,0
822,58,Female,Suburban,63472,404.0462765107073,36,1,8,312,Home Goods,Medium,0
823,52,Male,Urban,69437,228.85167060459122,13,1,3,125,Home Goods,Low,1
824,18,Male,Rural,69416,281.1249709449461,6,1,9,52,Clothing,High,1
825,38,Female,Suburban,79711,164.01072652684763,14,0,2,197,Electronics,High,1
826,65,Female,Urban,26816,494.4468165535633,37,0,1,298,Home Goods,Low,0
827,23,Female,Suburban,97175,181.1730834156753,48,1,4,187,Electronics,High,0
828,45,Male,Suburban,84307,396.83413890749824,15,1,2,185,Clothing,Low,1
829,34,Male,Suburban,132728,242.37304266054164,47,0,9,304,Home Goods,High,1
830,22,Male,Urban,66733,142.79783228786295,4,0,6,297,Home Goods,Medium,0
831,48,Male,Rural,148202,409.87344378418754,40,1,5,203,Home Goods,Medium,0
832,22,Female,Rural,115028,200.12305506306942,16,1,0,10,Electronics,Medium,0
833,55,Female,Urban,136450,439.33700632901497,28,1,7,358,Clothing,Low,0
834,20,Female,Suburban,31240,461.86573321302035,16,1,1,353,Electronics,Low,1
835,40,Male,Urban,118234,436.92072592607417,4,1,4,145,Home Goods,High,0
836,54,Male,Urban,112493,65.75356166306254,45,0,8,84,Clothing,High,0
837,54,Male,Urban,145149,404.3180052522975,26,1,7,99,Home Goods,High,0
838,27,Female,Suburban,118344,235.10275992461476,28,0,1,103,Home Goods,Low,0
839,27,Female,Urban,91363,443.1753140820013,32,0,8,45,Electronics,High,0
840,36,Male,Suburban,52762,337.07941820813244,45,0,4,43,Home Goods,Medium,0
841,34,Female,Urban,28259,425.13941036478127,2,1,9,277,Clothing,High,0
842,38,Male,Rural,70139,274.7442964400759,31,0,5,180,Home Goods,Medium,1
843,31,Male,Urban,148775,290.76147706951974,3,0,2,186,Home Goods,Low,1
844,26,Female,Urban,34849,114.97443446015025,8,0,2,113,Electronics,Medium,1
845,63,Male,Rural,101768,402.79431141020996,24,0,9,254,Clothing,Medium,0
846,18,Female,Suburban,126108,238.72532525013725,15,1,7,29,Electronics,Medium,1
847,68,Male,Suburban,109709,275.03605322221216,43,1,9,263,Home Goods,Low,0
848,62,Female,Urban,74869,403.29397134306845,31,0,9,97,Electronics,Low,0
849,30,Female,Rural,146888,319.48043003574753,9,0,1,312,Electronics,Low,0
850,21,Female,Suburban,83095,140.49442734920035,39,1,1,328,Electronics,Low,0
851,18,Male,Urban,137886,315.6046966179017,45,1,4,114,Electronics,High,1
852,66,Male,Rural,90910,233.43478609084508,2,1,5,275,Home Goods,Low,0
853,57,Female,Suburban,106710,261.2864939197382,8,0,1,280,Home Goods,Medium,0
854,49,Female,Suburban,43567,62.740073481200504,7,1,4,274,Clothing,Low,1
855,51,Male,Rural,55292,144.51320728232673,44,0,6,260,Electronics,High,1
856,45,Male,Rural,94813,176.4671366214627,39,0,9,330,Electronics,High,1
857,48,Male,Rural,117136,370.8320035364626,42,1,9,206,Clothing,High,0
858,25,Female,Rural,71631,55.17161298415189,16,0,7,327,Electronics,Medium,1
859,56,Male,Urban,29885,233.9497675531094,35,1,6,210,Clothing,Low,0
860,43,Male,Rural,79659,465.8120916915798,30,0,7,214,Home Goods,Low,0
861,51,Female,Suburban,74306,100.34627744710573,10,1,8,39,Clothing,Low,1
862,20,Male,Suburban,86314,282.390974698375,38,0,4,25,Electronics,Medium,1
863,67,Male,Urban,85087,403.9350720758812,18,0,4,26,Clothing,Medium,1
864,29,Male,Suburban,49165,474.1390883840525,5,1,9,189,Home Goods,High,0
865,18,Female,Suburban,78929,386.0494877901731,29,1,3,82,Electronics,High,0
866,61,Female,Rural,87028,374.25449688998276,39,1,8,169,Home Goods,Low,0
867,22,Female,Suburban,115998,421.9196405880931,34,1,4,166,Home Goods,Medium,0
868,47,Female,Urban,69812,250.79054943989465,43,0,1,187,Clothing,Medium,0
869,47,Female,Rural,70500,412.6300396780249,45,1,9,168,Home Goods,Low,0
870,34,Female,Rural,99151,53.583982135453006,23,1,7,288,Electronics,Low,1
871,65,Female,Urban,78643,466.0524749195622,5,0,6,228,Home Goods,High,0
872,64,Male,Rural,64900,249.48792928272889,30,1,7,96,Home Goods,High,1
873,40,Male,Rural,62946,299.0210845395864,6,1,2,15,Clothing,High,1
874,32,Female,Urban,27851,164.69701201169704,46,0,3,278,Home Goods,Low,1
875,54,Male,Rural,36288,384.13887477818963,44,1,4,134,Clothing,Low,1
876,38,Male,Urban,92692,84.48611291386197,4,1,5,25,Clothing,High,1
877,31,Female,Urban,87580,442.68611114607586,29,1,0,351,Electronics,High,0
878,19,Male,Suburban,27368,422.6525730528542,23,1,3,11,Electronics,Medium,0
879,28,Male,Suburban,105436,147.22705231014487,6,1,9,71,Electronics,Medium,0
880,68,Male,Rural,116136,414.19597922836806,32,1,4,132,Electronics,High,0
881,56,Male,Rural,66403,403.8609798776667,42,0,6,105,Clothing,High,1
882,55,Male,Urban,111170,334.497468989277,18,1,4,219,Home Goods,Medium,1
883,51,Female,Rural,29168,218.0840796048594,15,0,0,176,Electronics,High,1
884,55,Female,Urban,106497,172.17443938184056,40,0,6,281,Electronics,Medium,0
885,67,Female,Urban,69879,154.30261563020753,32,0,7,132,Electronics,Medium,0
886,51,Male,Rural,79871,193.37403324362322,9,0,6,21,Home Goods,Medium,0
887,35,Female,Urban,129632,456.60129954463866,37,1,3,268,Electronics,Low,0
888,47,Male,Suburban,131623,84.93834919495157,10,1,7,160,Home Goods,Low,1
889,32,Male,Rural,109388,422.9920743138314,20,1,4,106,Clothing,High,1
890,44,Male,Suburban,118646,207.00053376882062,6,0,9,278,Clothing,Medium,0
891,68,Male,Rural,52174,284.7197282051112,48,1,8,352,Clothing,Low,0
892,51,Female,Urban,119751,407.5185351418208,3,1,9,234,Home Goods,High,1
893,69,Female,Rural,112491,447.9694461603371,42,1,4,17,Electronics,High,1
894,55,Male,Suburban,26581,205.15163903269115,11,0,0,241,Electronics,High,1
895,50,Female,Urban,130155,257.82956657379964,43,0,8,116,Electronics,High,1
896,41,Male,Rural,91853,236.53222916755652,17,1,4,285,Electronics,High,0
897,32,Female,Rural,84046,55.962965076759744,32,0,5,281,Electronics,Medium,1
898,47,Female,Rural,69678,183.17429998639548,4,0,3,143,Home Goods,High,1
899,59,Male,Suburban,128392,256.6351551796528,4,1,5,204,Clothing,Medium,1
900,68,Female,Suburban,131250,234.9921239961979,17,0,7,38,Electronics,Low,1
901,34,Male,Rural,46649,374.86815238205577,41,0,2,153,Clothing,High,0
902,22,Female,Urban,147795,223.16162774949646,19,1,4,175,Home Goods,Low,0
903,46,Male,Urban,108668,270.2194020368016,5,0,1,240,Home Goods,Medium,0
904,21,Male,Suburban,102325,243.3238664595635,32,0,1,133,Electronics,Medium,0
905,27,Female,Urban,34567,383.2817670024667,22,0,6,45,Home Goods,Low,0
906,34,Female,Suburban,100404,438.3375795441331,6,0,9,49,Clothing,High,0
907,27,Male,Rural,109906,289.3500855533814,35,0,9,165,Electronics,High,1
908,34,Female,Suburban,128069,405.24448738783605,22,0,9,105,Electronics,Low,1
909,37,Female,Suburban,116019,183.55400690893276,1,0,5,215,Clothing,Low,1
910,41,Male,Rural,81944,293.6163245707709,20,0,3,145,Electronics,Low,1
911,22,Male,Urban,138428,205.3534791514876,22,1,4,71,Electronics,High,0
912,51,Female,Suburban,98002,236.39041650732364,48,1,0,329,Clothing,High,1
913,23,Male,Suburban,48803,379.5862391657009,11,1,6,272,Electronics,High,0
914,19,Male,Rural,38230,446.74811704972075,13,1,7,246,Electronics,Low,1
915,30,Male,Urban,37862,104.67292598949444,42,0,8,185,Clothing,High,1
916,60,Female,Suburban,63355,335.58766541932124,3,1,7,69,Home Goods,Medium,1
917,60,Female,Rural,51259,311.9647134100093,9,1,4,149,Clothing,Low,0
918,65,Male,Suburban,119075,103.28676762916935,12,0,2,245,Electronics,High,1
919,28,Female,Rural,107445,145.3524486980491,23,0,9,261,Clothing,Low,0
920,68,Male,Urban,50795,189.95112262970613,14,0,8,25,Electronics,Medium,0
921,64,Female,Urban,134604,125.11898186787566,33,0,5,139,Electronics,Medium,1
922,40,Male,Urban,28770,159.6782671359538,18,0,4,98,Clothing,Low,0
923,33,Male,Urban,31093,170.4203594877684,49,1,2,277,Electronics,Low,0
924,48,Female,Suburban,66571,201.05322486757683,41,0,5,50,Home Goods,Medium,1
925,28,Male,Suburban,20193,387.2257037605216,9,1,2,150,Electronics,Low,1
926,33,Female,Urban,120311,307.3604917327703,23,1,9,103,Clothing,Medium,1
927,25,Female,Urban,37569,493.81100237813064,10,0,5,88,Home Goods,Medium,1
928,21,Male,Urban,137082,236.63112213536195,19,1,3,140,Home Goods,High,1
929,57,Male,Suburban,31190,389.23928322661624,47,1,1,212,Electronics,Low,1
930,21,Female,Urban,82824,442.1607896194402,5,0,7,232,Clothing,Low,0
931,42,Male,Urban,62752,355.54032186711885,47,1,3,182,Electronics,High,1
932,20,Male,Urban,52327,235.3391331878732,23,1,8,250,Electronics,Medium,1
933,49,Male,Rural,62070,389.11758383558885,30,1,6,8,Clothing,Low,0
934,20,Male,Urban,105925,141.6502119977082,25,0,1,78,Clothing,High,1
935,44,Male,Rural,60197,197.3984743310596,28,0,3,51,Electronics,High,0
936,46,Female,Rural,22261,296.00836479467995,34,0,4,268,Home Goods,Low,1
937,49,Female,Urban,138424,308.93422427876675,45,1,2,225,Electronics,High,1
938,67,Male,Rural,113905,59.963663962683256,48,0,8,50,Home Goods,Medium,0
939,68,Male,Urban,46512,475.30138494020395,47,1,4,185,Electronics,High,1
940,36,Male,Suburban,26716,363.4822720478255,25,0,1,33,Clothing,Medium,0
941,38,Female,Suburban,106795,273.066687604351,10,1,2,290,Home Goods,Medium,1
942,22,Male,Suburban,48933,469.90725548373877,14,0,8,229,Clothing,Low,1
943,35,Female,Suburban,127225,247.59300436287282,42,0,6,130,Clothing,High,0
944,45,Female,Rural,24378,491.19600662166727,46,1,1,119,Clothing,Medium,1
945,59,Female,Urban,60583,280.52814075956826,30,0,8,325,Clothing,Medium,1
946,39,Male,Urban,132082,101.42859649909076,41,1,3,246,Clothing,High,0
947,38,Female,Urban,105371,394.16043760667475,25,0,8,191,Electronics,Medium,1
948,23,Male,Suburban,49033,355.5039762850282,14,0,1,322,Home Goods,High,0
949,18,Female,Suburban,44000,397.84402458751407,35,1,9,209,Electronics,Low,1
950,22,Male,Urban,131032,478.1489129265565,48,1,3,102,Electronics,Medium,0
951,58,Female,Suburban,95868,399.42018619295817,34,1,4,328,Electronics,Medium,1
952,29,Male,Urban,62604,325.1014709974911,10,0,1,132,Clothing,High,0
953,43,Female,Urban,88336,435.7890060623784,35,1,9,322,Electronics,High,0
954,63,Male,Urban,115074,352.9608977095392,11,0,0,138,Home Goods,High,1
955,51,Male,Urban,115655,233.65357557166539,11,1,6,120,Electronics,High,1
956,66,Male,Urban,93869,448.52889390879795,21,1,9,93,Clothing,Medium,0
957,31,Male,Urban,25410,149.8552073529678,21,1,0,128,Home Goods,Low,1
958,43,Female,Urban,103375,371.5885737089259,22,1,7,90,Home Goods,Low,0
959,62,Female,Suburban,76044,446.70355472334063,45,1,2,91,Home Goods,Low,1
960,44,Male,Urban,83315,379.0924338664833,7,1,9,62,Home Goods,Low,1
961,26,Female,Urban,116055,363.7739385742356,17,0,5,28,Electronics,High,0
962,43,Male,Suburban,91344,388.68723233232623,2,1,6,209,Clothing,Medium,0
963,64,Male,Suburban,26796,259.27486173528996,12,0,9,11,Home Goods,Medium,1
964,39,Female,Suburban,106716,443.3768069706617,42,1,0,332,Home Goods,Medium,1
965,64,Male,Urban,74245,141.54641381124105,18,1,5,296,Clothing,High,1
966,47,Male,Rural,63056,107.32388720015268,11,1,6,129,Electronics,Medium,1
967,60,Female,Rural,37709,178.4789510533302,16,0,5,292,Home Goods,High,1
968,65,Male,Suburban,139664,289.20982854874694,49,0,3,172,Electronics,Medium,0
969,34,Male,Rural,78557,279.7528079342021,18,1,0,207,Electronics,Low,1
970,43,Male,Suburban,37543,419.26944095446396,35,0,8,23,Electronics,High,1
971,53,Male,Urban,57418,232.05589538180783,26,1,3,98,Electronics,Medium,0
972,18,Female,Rural,114611,267.95499183117886,16,1,6,355,Home Goods,Low,0
973,25,Female,Urban,123291,56.01545746672804,6,0,6,138,Home Goods,Low,0
974,66,Female,Rural,133504,234.3826563993226,44,0,1,313,Electronics,Low,1
975,52,Male,Urban,123001,341.4984048276539,43,0,0,173,Electronics,High,0
976,69,Male,Rural,116038,56.97874878196648,47,0,7,28,Clothing,High,0
977,32,Female,Urban,36724,176.39688433380968,47,1,7,142,Clothing,Medium,0
978,64,Male,Urban,23828,143.58036168022545,48,0,6,315,Clothing,Low,0
979,39,Male,Rural,136656,68.8934430093147,42,0,7,350,Home Goods,Medium,1
980,31,Male,Urban,37087,265.6670404615419,12,1,2,41,Clothing,Medium,1
981,43,Male,Urban,32605,131.77548195267042,13,0,1,298,Home Goods,Low,1
982,45,Female,Urban,51337,384.38669283412105,4,0,6,207,Home Goods,Medium,0
983,40,Female,Rural,25482,431.5675476935068,39,0,7,329,Home Goods,High,0
984,31,Female,Rural,85333,295.5133322011165,2,0,0,191,Home Goods,Medium,0
985,41,Male,Urban,112541,491.7683041345137,26,1,9,159,Clothing,Low,0
986,19,Female,Urban,108296,252.7153571617679,27,1,8,63,Electronics,High,0
987,62,Female,Rural,70952,281.015694601212,27,0,3,242,Electronics,High,0
988,43,Male,Rural,25463,495.1479892809876,15,0,3,257,Electronics,Medium,1
989,31,Male,Urban,132164,154.19679618427196,8,1,2,151,Clothing,Medium,1
990,68,Female,Urban,90448,474.14567285460737,7,0,5,214,Electronics,High,0
991,24,Female,Urban,24648,69.27689980360097,47,0,0,321,Clothing,Medium,1
992,20,Female,Suburban,53623,250.87410061843764,46,0,5,165,Clothing,Low,0
993,64,Female,Rural,79156,81.50158045987959,40,0,1,30,Clothing,Medium,0
994,40,Male,Suburban,55634,378.15563431113935,12,0,8,231,Electronics,Medium,1
995,63,Female,Rural,64602,323.784021146008,13,0,1,281,Electronics,High,0
996,60,Female,Rural,134598,367.9854185604184,43,0,6,28,Electronics,Medium,1
997,64,Male,Rural,69334,218.51617998560764,17,0,0,194,Home Goods,Medium,0
998,62,Female,Rural,88648,216.26687031412112,17,0,6,333,Clothing,Medium,0
999,35,Male,Rural,42054,70.39367553240257,36,1,4,255,Home Goods,Low,1
1000,55,Male,Rural,90028,207.4752227883379,21,1,7,280,Clothing,Medium,0
